ProductID,ProductName,SupplierID,CategoryID,QuantityPerUnit,UnitPrice,UnitsInStock,UnitsOnOrder,ReorderLevel,Discontinued,ProductAdjective,ProductNoun
1,idlest sindons,19,4,68 per z,38.53,73,52,55,false,idlest,sindons
2,basest clinics,26,1,15 per y,17.31,32,15,41,false,basest,clinics
3,riming lavas,15,3,41 per C,24.16,41,97,81,false,riming,lavas
4,barkless transcript,25,3,35 per L,58.54,22,53,10,false,barkless,transcript
5,textbook misrules,8,3,34 per U,19.31,91,60,12,true,textbook,misrules
6,biform backdrop,2,5,99 per p,40.6,98,37,21,false,biform,backdrop
7,unposed lemmas,28,4,94 per l,55.02,83,18,29,false,unposed,lemmas
8,bygone stalkers,21,2,53 per e,22.46,16,29,42,true,bygone,stalkers
9,dollish closer,23,3,37 per X,57.01,28,59,61,true,dollish,closer
10,unreined peepuls,8,8,86 per K,52.28,50,62,5,false,unreined,peepuls
11,bendy flushness,3,10,44 per f,95.38,66,40,10,true,bendy,flushness
12,glabrate mascon,1,6,32 per O,13.01,75,25,91,false,glabrate,mascon
13,blended groover,29,4,54 per P,98.11,50,72,68,true,blended,groover
14,dropsied mousers,9,7,63 per Z,55.3,96,21,14,true,dropsied,mousers
15,highbrow soutanes,16,10,72 per k,50.27,92,30,37,true,highbrow,soutanes
16,fuscous hartal,5,1,90 per Z,22.43,55,37,21,true,fuscous,hartal
17,crimpy duiker,25,2,12 per c,24.8,62,6,38,true,crimpy,duiker
18,unstocked rhomboid,23,6,59 per B,97.96,44,77,63,true,unstocked,rhomboid
19,sollar punties,5,7,33 per i,39.31,76,34,54,true,sollar,punties
20,gamesome cambrels,21,9,05 per n,18.12,96,10,48,false,gamesome,cambrels
21,fibrous lentil,3,9,36 per x,26.07,40,79,100,false,fibrous,lentil
22,unmilled hadrons,23,6,22 per t,30.08,16,24,5,true,unmilled,hadrons
23,intime tangier,22,4,25 per r,88.82,44,100,32,true,intime,tangier
24,zingy dragoon,2,10,19 per K,86.39,48,73,30,false,zingy,dragoon
25,unperched gapeworms,12,9,30 per h,32.22,20,100,31,true,unperched,gapeworms
26,spellbound packsack,24,4,98 per e,14.5,51,22,66,true,spellbound,packsack
27,flowing punnets,30,7,35 per r,70.55,98,88,98,false,flowing,punnets
28,diploid stupas,13,10,82 per j,50.13,55,83,52,true,diploid,stupas
29,corrupt spirants,21,1,64 per Q,12.36,62,54,14,true,corrupt,spirants
30,beady androids,7,8,40 per N,12.91,33,55,66,true,beady,androids
31,reddish mitzvah,23,8,61 per t,81.49,45,40,47,true,reddish,mitzvah
32,jiggered sopor,17,1,14 per G,65.34,98,5,84,true,jiggered,sopor
33,unfledged platers,13,6,67 per r,61.03,21,47,9,true,unfledged,platers
34,brutelike upspring,3,9,00 per t,93.01,31,81,28,true,brutelike,upspring
35,seatless greasepaint,13,9,52 per e,43.91,57,51,47,true,seatless,greasepaint
36,irksome crazes,11,9,64 per u,41.01,31,20,50,true,irksome,crazes
37,dappled maguey,30,1,93 per w,52.57,91,57,12,true,dappled,maguey
38,slier salvers,13,3,22 per D,8.74,64,17,91,true,slier,salvers
39,ain crampons,26,10,33 per N,15.31,33,45,2,false,ain,crampons
40,inflexed squabbles,24,4,12 per r,99.04,39,67,95,true,inflexed,squabbles
41,diarch ravines,3,8,11 per k,28.4,47,36,36,false,diarch,ravines
42,typal jackfish,3,6,67 per D,28.05,40,58,36,true,typal,jackfish
43,enraged hymnal,22,2,60 per J,85.25,31,11,78,true,enraged,hymnal
44,zincous sounder,20,9,61 per c,49.45,87,52,66,false,zincous,sounder
45,erect flattop,26,3,77 per r,18.84,64,43,90,true,erect,flattop
46,tiny gapes,27,3,83 per q,99.69,66,18,19,true,tiny,gapes
47,ceilinged banner,21,2,34 per D,39.06,47,92,90,false,ceilinged,banner
48,yeasty chowder,30,3,72 per r,29.02,4,31,25,false,yeasty,chowder
49,scrambled harshness,21,4,97 per s,75.25,25,77,70,false,scrambled,harshness
50,ahead grazing,2,10,98 per x,30.01,5,71,48,false,ahead,grazing
51,joyless arsine,17,4,51 per p,92.08,32,66,27,true,joyless,arsine
52,retral bankroll,24,10,80 per M,53.25,71,50,76,true,retral,bankroll
53,moonstruck blockade,5,3,14 per Q,96.28,75,30,78,false,moonstruck,blockade
54,daytime indults,23,8,26 per C,46.03,84,36,63,true,daytime,indults
55,bellied hardheads,27,9,25 per s,42.74,78,59,2,false,bellied,hardheads
56,harmless cookhouse,11,7,01 per d,8.09,98,10,59,true,harmless,cookhouse
57,leprous nowy,21,8,18 per G,5.95,81,55,47,false,leprous,nowy
58,unscorched tarring,3,9,75 per R,23.38,75,10,24,false,unscorched,tarring
59,chanceless kino,12,1,12 per Y,50.64,13,55,33,false,chanceless,kino
60,headlong tarots,4,1,39 per w,55.52,3,61,69,false,headlong,tarots
61,dustproof bronchos,21,10,29 per J,81.9,78,73,48,true,dustproof,bronchos
62,fontal phosphate,13,6,60 per R,23.21,53,63,61,true,fontal,phosphate
63,loaded civies,11,8,19 per w,86.5,9,89,17,false,loaded,civies
64,vatic saloons,21,10,23 per Z,95.68,90,50,82,false,vatic,saloons
65,fulgent pitsaws,4,2,14 per r,80.75,24,4,59,true,fulgent,pitsaws
66,hymnal zygotes,9,3,66 per h,99.92,25,93,28,true,hymnal,zygotes
67,graceless shedder,27,1,62 per k,18.7,39,43,64,false,graceless,shedder
68,peaceless mambas,11,6,77 per N,59.87,23,52,62,true,peaceless,mambas
69,imposed fetial,18,4,29 per a,7.32,30,4,28,false,imposed,fetial
70,browless balker,19,5,25 per i,84.27,69,54,75,true,browless,balker
71,consumed armhole,25,4,96 per D,35.8,60,35,94,true,consumed,armhole
72,unstressed broacher,18,8,62 per U,85.34,28,55,42,true,unstressed,broacher
73,scrannel towsers,4,7,36 per Y,35.8,52,94,50,true,scrannel,towsers
74,jingly docent,28,1,85 per w,88.97,38,87,32,false,jingly,docent
75,costly llama,18,5,33 per L,5.41,85,80,65,false,costly,llama
76,senseless trolly,1,6,15 per l,62.3,86,86,64,false,senseless,trolly
77,distilled galliards,13,3,78 per F,71.47,20,44,23,false,distilled,galliards
78,tangy grazings,16,9,49 per K,18.76,39,2,18,true,tangy,grazings
79,chippy corbeille,23,1,27 per l,75.48,94,32,32,false,chippy,corbeille
80,moory shanteys,1,7,46 per N,36.75,56,98,90,false,moory,shanteys
81,earthquaked brumbies,15,9,67 per a,98.52,59,6,85,false,earthquaked,brumbies
82,moony lutings,9,10,31 per m,51.5,7,58,7,false,moony,lutings
83,nipping dowdies,12,1,66 per B,93.8,7,96,80,true,nipping,dowdies
84,attrite midday,8,6,64 per z,13.86,91,52,52,true,attrite,midday
85,piny middling,7,3,90 per u,37.01,51,64,10,true,piny,middling
86,gamy feoffer,11,5,85 per X,22.93,63,34,97,false,gamy,feoffer
87,bitchy quatorze,4,4,71 per d,81.16,29,49,86,false,bitchy,quatorze
88,sidelong cullions,19,1,96 per E,64.69,11,10,57,false,sidelong,cullions
89,roughish savors,20,7,21 per m,46.14,77,49,69,false,roughish,savors
90,pricy stepper,20,2,33 per A,1.27,68,31,71,true,pricy,stepper
91,fatal dreamlands,28,7,17 per c,41.69,76,27,60,true,fatal,dreamlands
92,shallow lushes,23,2,24 per C,4.36,50,87,70,false,shallow,lushes
93,childish cystoid,2,1,74 per j,2.51,28,95,44,false,childish,cystoid
94,adult surrounds,2,2,28 per E,32.27,83,18,64,false,adult,surrounds
95,clustered coehorns,9,5,41 per C,59.69,32,70,72,false,clustered,coehorns
96,breechless clampdowns,29,2,38 per a,99.33,65,74,52,false,breechless,clampdowns
97,exhaled greenroom,3,6,71 per z,77.16,89,30,18,false,exhaled,greenroom
98,viscid games,18,8,86 per Z,10.05,46,49,16,true,viscid,games
99,untrenched trouvaille,19,7,33 per e,67.82,86,94,24,false,untrenched,trouvaille
100,carking premiers,11,8,38 per D,13.81,81,13,13,true,carking,premiers
101,lenis glibness,20,3,67 per r,76.48,3,52,25,false,lenis,glibness
102,wifely kalpa,29,6,69 per D,43.95,17,62,11,false,wifely,kalpa
103,gloomful xanthin,23,4,71 per b,44.29,98,57,38,true,gloomful,xanthin
104,unstopped porisms,27,2,26 per T,88.71,46,49,94,true,unstopped,porisms
105,tinhorn blethers,26,4,65 per q,36,25,76,32,false,tinhorn,blethers
106,plantar streaming,3,8,29 per v,75.46,69,11,64,true,plantar,streaming
107,deictic downcome,17,2,48 per r,5.95,23,98,6,false,deictic,downcome
108,unwashed coxa,23,1,91 per u,18.72,22,51,82,true,unwashed,coxa
109,enthralled sarong,16,6,28 per V,26.46,21,66,56,false,enthralled,sarong
110,implied rapture,10,1,11 per F,65.29,21,21,13,false,implied,rapture
111,swaraj gauges,18,1,51 per C,33.99,56,54,18,true,swaraj,gauges
112,pungent praxis,12,4,29 per h,18.22,45,61,50,false,pungent,praxis
113,dogging gabbles,12,7,61 per X,1.2,4,96,3,false,dogging,gabbles
114,prudish doing,28,7,03 per K,87.25,66,46,81,false,prudish,doing
115,gainly swineherd,21,8,27 per e,74.49,40,40,65,true,gainly,swineherd
116,hirsute rubdown,13,1,04 per q,65.84,68,7,30,false,hirsute,rubdown
117,inspired mudcats,6,2,76 per D,41.12,23,56,93,true,inspired,mudcats
118,cadgy shellfish,23,2,28 per V,38.13,62,44,43,false,cadgy,shellfish
119,cloddish sizzles,11,7,01 per L,49.51,28,69,33,true,cloddish,sizzles
120,goatish recoups,23,10,79 per B,49.22,21,67,21,false,goatish,recoups
121,showy tonnage,25,4,49 per t,97.15,39,44,55,false,showy,tonnage
122,provoked alar,9,8,56 per r,22.6,61,72,54,true,provoked,alar
123,knickered lonesome,18,8,68 per H,84.92,75,8,48,true,knickered,lonesome
124,ghostly ague,8,7,68 per B,45.04,71,58,79,true,ghostly,ague
125,ungeared tracking,16,4,60 per m,13.15,3,1,100,false,ungeared,tracking
126,ashake hearties,11,3,09 per A,32.21,42,100,9,true,ashake,hearties
127,complete pachas,5,2,54 per r,7.51,11,47,46,true,complete,pachas
128,printed bharal,3,2,49 per C,81.39,8,62,67,false,printed,bharal
129,conjoined wergild,10,3,06 per G,22.5,65,50,90,false,conjoined,wergild
130,shapely nagger,21,6,33 per L,77.04,13,79,12,true,shapely,nagger
131,agnate attack,4,10,72 per k,4.16,64,25,41,false,agnate,attack
132,dropping cartouche,26,3,51 per b,47.02,55,56,79,true,dropping,cartouche
133,musty jestbooks,3,5,44 per o,30.86,54,94,98,false,musty,jestbooks
134,bendy millefeuilles,15,4,34 per a,32.56,86,40,13,true,bendy,millefeuilles
135,casteless pryer,4,1,41 per Z,92.17,37,4,16,true,casteless,pryer
136,ghastful dasheens,16,9,02 per v,62.12,85,3,4,false,ghastful,dasheens
137,unsown dealing,15,9,40 per a,57.05,81,12,100,true,unsown,dealing
138,wailing said,24,3,36 per t,8.36,64,78,97,false,wailing,said
139,strawless augment,14,2,00 per s,29.27,57,25,80,true,strawless,augment
140,zestful quaestor,17,6,08 per b,93.71,48,41,11,false,zestful,quaestor
141,montane baffy,28,9,78 per a,32.56,69,70,34,false,montane,baffy
142,feodal laser,28,8,53 per c,45.84,36,40,94,true,feodal,laser
143,impish civets,29,8,51 per M,84.36,38,21,24,true,impish,civets
144,agley brayer,5,10,73 per G,94.71,18,83,98,true,agley,brayer
145,themeless bishes,30,7,05 per C,14.79,99,52,94,false,themeless,bishes
146,quirky theine,28,10,99 per I,28.04,32,62,48,true,quirky,theine
147,adjunct digraph,18,4,87 per k,33.75,51,27,75,true,adjunct,digraph
148,unreaped mamzer,18,4,10 per I,72.42,50,11,59,false,unreaped,mamzer
149,fairish sculler,9,2,53 per R,65.01,18,65,7,false,fairish,sculler
150,idled swingle,3,5,90 per w,80.18,19,89,52,false,idled,swingle
151,panzer boskets,28,4,20 per d,27.63,67,95,97,true,panzer,boskets
152,cloddish training,1,9,98 per C,57.58,13,89,29,true,cloddish,training
153,rotting rowboat,15,6,10 per R,79.01,97,65,67,true,rotting,rowboat
154,snoring shipwrights,9,9,89 per K,58.61,92,94,93,true,snoring,shipwrights
155,mirky boggler,22,9,52 per i,60.24,9,38,4,false,mirky,boggler
156,strifeless nylon,14,5,91 per G,86.53,65,72,84,false,strifeless,nylon
157,sarcoid mimics,28,2,71 per u,86.23,86,25,46,true,sarcoid,mimics
158,tasseled blackdamp,19,6,49 per F,37.36,47,87,86,true,tasseled,blackdamp
159,drunken kiddle,24,10,74 per X,32.5,1,71,26,false,drunken,kiddle
160,weary gnathite,25,6,42 per z,49.7,51,77,55,true,weary,gnathite
161,hairlike linter,1,9,50 per F,31.48,46,54,48,true,hairlike,linter
162,conceived forepeaks,20,7,43 per L,79.3,81,56,6,false,conceived,forepeaks
163,unspelled keelboats,21,4,99 per s,63.65,35,25,95,true,unspelled,keelboats
164,gaudy fourteenths,20,7,19 per L,29.46,77,99,64,true,gaudy,fourteenths
165,disused lushness,7,7,62 per P,21.55,46,74,37,false,disused,lushness
166,debased studies,23,8,70 per P,44.92,62,69,53,false,debased,studies
167,volumed killock,19,4,85 per H,96.81,31,64,28,false,volumed,killock
168,discrete currant,1,5,79 per k,34.46,74,91,57,true,discrete,currant
169,tailing quadrat,8,4,89 per x,18.37,43,26,75,true,tailing,quadrat
170,riteless netting,5,9,87 per P,27.79,25,10,26,false,riteless,netting
171,cooing houdahs,2,7,78 per o,1.6,23,41,44,false,cooing,houdahs
172,montane dragsters,21,6,52 per i,45.02,49,96,97,true,montane,dragsters
173,foursquare bogong,18,6,18 per e,92.03,71,87,9,false,foursquare,bogong
174,mis daybreaks,16,6,73 per j,51.84,9,27,65,true,mis,daybreaks
175,piano dibbers,19,1,67 per N,88.59,92,59,57,true,piano,dibbers
176,tinkling bombproof,17,3,58 per f,64.05,48,70,86,true,tinkling,bombproof
177,hottish battements,24,7,82 per J,91.61,23,35,24,true,hottish,battements
178,ridden vaudevilles,28,3,76 per S,62.76,87,98,57,false,ridden,vaudevilles
179,mere spacewalk,23,10,31 per u,20.72,13,60,1,false,mere,spacewalk
180,statist capeskin,15,4,45 per Q,9.36,36,71,24,false,statist,capeskin
181,undecked gheraos,5,5,01 per K,80.82,35,68,85,false,undecked,gheraos
182,unweighed distrust,25,9,72 per t,78.73,64,12,64,false,unweighed,distrust
183,slimmest dwellings,4,1,25 per T,24.41,50,77,51,true,slimmest,dwellings
184,heathen ibis,30,7,23 per e,5.06,38,50,9,true,heathen,ibis
185,doleful balky,3,9,44 per a,33.29,43,51,70,true,doleful,balky
186,peccant jennet,2,3,38 per i,72.39,76,42,77,false,peccant,jennet
187,creamlaid chiffons,9,5,88 per d,16.44,92,18,92,false,creamlaid,chiffons
188,lithic pishogue,12,2,33 per i,42.56,100,36,76,false,lithic,pishogue
189,checky boulevard,26,4,77 per X,38.62,83,26,67,true,checky,boulevard
190,finny viscus,11,4,38 per F,29.15,40,45,67,false,finny,viscus
191,wary yardbirds,15,10,85 per Q,88.3,63,31,51,true,wary,yardbirds
192,tonal intrant,18,9,53 per C,6.33,39,69,82,false,tonal,intrant
193,pimpled scanty,25,9,57 per t,43.9,65,77,24,true,pimpled,scanty
194,privies splendors,1,1,85 per n,25.68,65,90,59,false,privies,splendors
195,inapt inkers,3,5,11 per V,16.51,46,84,32,true,inapt,inkers
196,deictic parlor,9,10,58 per v,82.66,34,64,86,true,deictic,parlor
197,lurid whiskers,12,10,44 per v,57.47,82,94,29,true,lurid,whiskers
198,warded midtown,12,3,96 per k,67.9,31,83,84,true,warded,midtown
199,hunchback gobang,9,7,15 per r,98.25,49,52,36,true,hunchback,gobang
200,frozen chouses,23,3,32 per Z,89.33,55,20,55,true,frozen,chouses
201,glummest deuces,21,7,13 per t,85.18,12,81,39,true,glummest,deuces
202,untouched huskings,23,8,81 per G,23.81,18,2,51,true,untouched,huskings
203,sludgy tariff,30,3,37 per y,63.42,3,99,1,false,sludgy,tariff
204,schistose trappings,21,7,91 per f,12.49,57,84,22,false,schistose,trappings
205,smashing morsels,21,10,19 per G,8.92,24,58,48,false,smashing,morsels
206,turfy disdain,14,8,58 per j,92.09,42,53,70,true,turfy,disdain
207,aglow lipides,7,5,09 per A,50.99,50,97,92,false,aglow,lipides
208,gadrooned houseful,19,9,36 per N,77.34,43,28,77,false,gadrooned,houseful
209,tenor petite,12,3,63 per r,18.9,59,5,87,true,tenor,petite
210,consumed stoma,11,4,57 per c,33.01,14,5,14,false,consumed,stoma
211,laggard devils,12,6,16 per S,96.86,4,22,11,true,laggard,devils
212,basest koel,7,9,56 per B,80.77,37,10,53,true,basest,koel
213,chesty platens,30,9,04 per n,81.72,93,58,74,false,chesty,platens
214,heavies pipals,21,2,92 per H,3.97,2,93,71,true,heavies,pipals
215,sandy folklore,30,5,70 per v,87.48,46,57,69,false,sandy,folklore
216,upraised currants,7,4,95 per v,63.43,12,9,88,false,upraised,currants
217,mincing gossoon,26,6,86 per f,69.22,17,49,99,true,mincing,gossoon
218,beaky bumkin,7,9,40 per w,38.09,77,17,86,false,beaky,bumkin
219,freeing eusol,29,10,75 per j,56.47,61,39,9,false,freeing,eusol
220,gawky zonings,12,1,01 per R,93.87,68,91,49,true,gawky,zonings
221,spleenish vier,29,1,03 per S,67.4,78,98,23,true,spleenish,vier
222,unsparred letting,11,5,03 per L,82.06,40,60,75,false,unsparred,letting
223,pokey stickweed,25,1,93 per d,9.27,64,64,85,false,pokey,stickweed
224,mature strickles,26,7,64 per j,62.44,49,70,30,true,mature,strickles
225,beaky tymbal,23,6,64 per b,94.69,28,61,70,true,beaky,tymbal
226,brownish stumpers,1,4,35 per I,5.41,86,50,94,true,brownish,stumpers
227,swishy capots,13,2,57 per X,10.92,26,36,96,true,swishy,capots
228,asprawl downbeat,19,4,15 per L,7.91,71,83,92,true,asprawl,downbeat
229,sunless quatorze,3,4,76 per F,39.51,70,59,5,false,sunless,quatorze
230,newborn horrors,28,8,77 per H,77,24,70,29,true,newborn,horrors
231,unground claimer,13,4,75 per m,13.83,7,23,44,true,unground,claimer
232,lustral giglet,26,8,11 per Z,88.09,98,11,86,true,lustral,giglet
233,viceless graveness,22,1,88 per R,60.68,45,97,84,false,viceless,graveness
234,witting aspers,11,10,56 per I,69.44,23,90,20,false,witting,aspers
235,squamous ointment,9,7,09 per A,81.56,21,22,39,false,squamous,ointment
236,downbeat afrit,29,1,15 per k,6.7,26,46,48,false,downbeat,afrit
237,tangier caliph,14,8,13 per V,86.12,38,1,19,true,tangier,caliph
238,bulbar acyl,2,4,14 per K,46.32,8,87,79,false,bulbar,acyl
239,saving sponsions,3,9,51 per I,12.97,62,9,57,true,saving,sponsions
240,costal dancings,17,9,80 per K,35.4,50,5,5,false,costal,dancings
241,downbeat hackbut,22,5,96 per k,97.24,20,13,4,false,downbeat,hackbut
242,alien dors,7,8,49 per E,25.02,28,1,30,true,alien,dors
243,twofold timbrels,28,8,78 per b,5.81,3,57,86,true,twofold,timbrels
244,super ghazi,29,7,03 per E,35.22,100,61,23,false,super,ghazi
245,unshrived foothold,1,2,41 per D,48.14,55,77,35,true,unshrived,foothold
246,practic cubage,3,2,45 per h,10.81,43,100,28,false,practic,cubage
247,smuggest bloodstock,3,10,59 per K,61.9,93,7,95,false,smuggest,bloodstock
248,wooded tracksuit,29,6,18 per d,90.64,2,16,91,true,wooded,tracksuit
249,smuggest colic,5,5,33 per k,16.06,55,40,95,false,smuggest,colic
250,unpraised marchpane,29,6,90 per q,40.77,59,100,89,false,unpraised,marchpane
251,unruled breakfast,9,2,28 per B,7.06,60,51,91,false,unruled,breakfast
252,lanky redbrick,17,4,59 per z,60.57,61,84,71,true,lanky,redbrick
253,cloudless torchwood,4,3,68 per l,93.16,1,94,53,false,cloudless,torchwood
254,sparser touses,1,7,18 per c,86.31,90,64,7,true,sparser,touses
255,whapping fellahs,11,2,86 per L,49.17,54,98,81,false,whapping,fellahs
256,eastward curbing,13,4,24 per o,14.92,48,58,89,true,eastward,curbing
257,unplumbed blindfolds,25,9,76 per W,95.76,92,82,90,false,unplumbed,blindfolds
258,tortile stabile,6,6,22 per P,67.36,61,44,36,false,tortile,stabile
259,footless bellpull,28,8,14 per S,37.47,29,24,92,true,footless,bellpull
260,valanced dullsville,9,4,51 per B,57.57,2,9,53,true,valanced,dullsville
261,poorly glisten,21,8,45 per O,86.8,95,48,45,true,poorly,glisten
262,grimmer saloon,24,1,76 per Y,65.66,34,63,37,true,grimmer,saloon
263,saut bevy,6,3,28 per c,45.6,63,27,87,false,saut,bevy
264,fancied glassworks,5,7,11 per c,74.42,60,85,16,false,fancied,glassworks
265,brutish shoofly,7,7,84 per x,72.6,92,56,82,false,brutish,shoofly
266,chastest roughcast,22,10,07 per E,3.23,58,96,51,true,chastest,roughcast
267,droopy giver,23,5,77 per w,53.96,5,78,57,true,droopy,giver
268,sloshy borecole,5,2,48 per u,39.33,96,5,91,true,sloshy,borecole
269,equine dogbane,11,6,76 per j,43.92,25,1,18,true,equine,dogbane
270,wounded mileposts,8,2,96 per J,94.3,16,50,97,true,wounded,mileposts
271,vitric reeler,18,1,82 per K,74.63,8,46,47,false,vitric,reeler
272,cagey diglyphs,10,1,56 per n,33.1,66,23,84,true,cagey,diglyphs
273,android idyll,21,2,44 per l,59.32,82,94,37,false,android,idyll
274,naissant brabbles,8,8,34 per Z,48.62,72,48,98,false,naissant,brabbles
275,gibbous outposts,2,3,68 per x,77.91,58,71,93,true,gibbous,outposts
276,branny gantlope,30,4,92 per g,70.23,25,99,54,true,branny,gantlope
277,gaga blackboys,20,7,19 per v,84.31,81,34,24,true,gaga,blackboys
278,unsmooth ratan,21,10,97 per q,59.48,65,92,27,true,unsmooth,ratan
279,defined fuchsias,15,8,62 per v,7.35,79,63,40,true,defined,fuchsias
280,captive bedlams,10,10,77 per p,71.38,10,49,20,false,captive,bedlams
281,leisured redoubt,11,7,56 per n,21.3,58,43,34,true,leisured,redoubt
282,beetle floppies,6,9,99 per q,80.48,44,88,33,true,beetle,floppies
283,barkless thickness,23,5,97 per s,14.41,23,6,63,true,barkless,thickness
284,trappy cabob,11,4,88 per W,17.67,91,8,7,true,trappy,cabob
285,moonless bedspread,29,6,95 per m,61.32,73,7,100,false,moonless,bedspread
286,jocose orbit,18,9,86 per B,11.6,68,30,100,false,jocose,orbit
287,intime postern,14,5,61 per H,90.94,76,29,82,true,intime,postern
288,gamic subahs,17,8,38 per c,76.62,68,93,58,false,gamic,subahs
289,moonless tellings,19,7,34 per w,15.85,26,66,9,false,moonless,tellings
290,greyish killings,29,4,19 per a,11.46,44,19,90,false,greyish,killings
291,hornish blouses,1,2,41 per Q,40.28,69,69,46,true,hornish,blouses
292,wannish jarrahs,14,10,15 per O,5.46,1,89,2,true,wannish,jarrahs
293,unwilled whirlwind,7,7,50 per l,13.14,30,92,83,true,unwilled,whirlwind
294,unhewn memo,10,5,93 per l,56.28,70,9,63,false,unhewn,memo
295,pukka monisms,3,3,80 per O,64.26,97,45,56,false,pukka,monisms
296,extrorse ramparts,13,9,57 per F,9.85,4,68,85,true,extrorse,ramparts
297,basic gremlin,22,4,74 per d,76.43,33,39,24,false,basic,gremlin
298,hulking bopper,15,5,31 per W,30.32,44,97,53,false,hulking,bopper
299,fulgent crookback,8,10,22 per N,48.7,13,73,65,true,fulgent,crookback
300,shaken namers,23,9,09 per P,57.64,93,33,62,true,shaken,namers
301,mono lurker,1,2,33 per c,11.71,67,91,84,false,mono,lurker
302,untiled boatswain,15,8,10 per E,8.49,12,62,41,false,untiled,boatswain
303,hulky goldeye,4,7,04 per M,44.96,67,76,100,false,hulky,goldeye
304,peccant bowlers,4,5,61 per k,83.47,100,1,37,true,peccant,bowlers
305,stretchy kailyards,10,5,06 per a,61.14,37,33,58,true,stretchy,kailyards
306,touchy hates,29,4,81 per d,54.12,22,95,34,false,touchy,hates
307,nymphal smokings,19,2,69 per V,22.28,19,91,94,true,nymphal,smokings
308,harnessed mihrabs,14,2,31 per W,96.4,90,88,7,true,harnessed,mihrabs
309,monkish solvates,24,7,98 per f,1.32,12,42,84,false,monkish,solvates
310,girly kaka,20,5,40 per i,30.79,5,4,35,true,girly,kaka
311,faceless sheepskins,22,7,03 per p,79.07,71,73,91,true,faceless,sheepskins
312,mirthless fliers,6,1,68 per h,40.38,32,23,64,true,mirthless,fliers
313,jaggy resets,26,2,02 per D,66.77,41,62,58,false,jaggy,resets
314,upstaged adult,3,7,19 per Z,41.76,2,6,81,true,upstaged,adult
315,guilty grindstone,4,4,93 per w,5.28,61,13,83,false,guilty,grindstone
316,flawy tocsin,15,5,28 per W,15.78,57,58,38,true,flawy,tocsin
317,fifteen madcaps,4,9,50 per Z,87.89,22,65,4,false,fifteen,madcaps
318,vespine nagas,26,2,35 per k,45.34,27,15,56,true,vespine,nagas
319,nuptial tonsil,6,1,77 per k,8.09,100,57,19,false,nuptial,tonsil
320,squamous gauffers,21,9,80 per n,22.63,29,18,16,false,squamous,gauffers
321,rubric trimers,23,2,26 per n,85.86,77,43,64,false,rubric,trimers
322,leaden savants,23,3,63 per P,74.68,19,12,68,true,leaden,savants
323,shaftless autos,20,7,78 per I,79.56,66,4,61,false,shaftless,autos
324,prostyle guiding,1,8,66 per J,91.84,61,8,53,true,prostyle,guiding
325,ovine pekoe,27,1,51 per R,64.81,95,75,45,false,ovine,pekoe
326,fatal codon,25,8,45 per s,57.29,90,55,88,false,fatal,codon
327,vaulted lignite,10,3,92 per Z,77.74,86,50,74,true,vaulted,lignite
328,spleenish losers,22,3,69 per l,46.27,25,92,81,true,spleenish,losers
329,pussy trendy,6,9,13 per o,21.74,90,24,14,true,pussy,trendy
330,downstream giaours,27,4,28 per n,49.41,98,58,53,false,downstream,giaours
331,fenny chauffers,19,2,35 per F,40.82,71,88,73,false,fenny,chauffers
332,foxy dewan,16,8,30 per e,49.28,16,79,51,false,foxy,dewan
333,trillion precept,4,7,18 per z,98.06,94,29,36,false,trillion,precept
334,stoneground spacewalk,2,5,22 per w,98.4,52,68,13,true,stoneground,spacewalk
335,migrant swordcraft,20,5,37 per t,88,2,1,55,true,migrant,swordcraft
336,incurved hadn't,5,7,12 per l,13.06,65,18,100,true,incurved,hadn't
337,idled ferrate,17,5,93 per H,41.97,26,95,98,true,idled,ferrate
338,unwet duvets,7,1,64 per A,11.6,46,28,16,false,unwet,duvets
339,concerned hiccup,25,1,06 per y,26.49,83,60,76,true,concerned,hiccup
340,askew preforms,17,10,01 per G,30.14,28,37,39,true,askew,preforms
341,streaky oner,18,2,22 per l,74.76,15,9,23,false,streaky,oner
342,outlaw limner,7,3,61 per m,52.38,12,15,78,true,outlaw,limner
343,unhealed georgic,23,4,35 per Q,98.53,53,48,100,false,unhealed,georgic
344,untoned penstock,23,4,11 per J,24.93,28,16,75,false,untoned,penstock
345,ganoid washroom,21,2,91 per e,79.22,11,80,88,false,ganoid,washroom
346,unroped comedowns,28,6,57 per d,32.18,24,32,17,false,unroped,comedowns
347,lusty tendons,17,6,21 per Z,78.74,97,29,36,false,lusty,tendons
348,exarch playroom,9,6,34 per D,52.68,12,36,89,false,exarch,playroom
349,physic hooey,27,3,96 per E,64.34,51,49,8,true,physic,hooey
350,garish bites,21,8,15 per f,47.97,66,82,96,true,garish,bites
351,equine doormat,24,2,09 per C,8.77,88,58,91,true,equine,doormat
352,wavelike thwarters,1,7,99 per X,23.27,45,89,63,true,wavelike,thwarters
353,macled cornstones,7,10,59 per S,29.95,40,91,90,false,macled,cornstones
354,zincy pressmark,15,1,14 per d,75.35,91,90,41,false,zincy,pressmark
355,throbless swiftness,23,7,03 per j,76.52,9,29,4,false,throbless,swiftness
356,skilful zygote,7,6,66 per C,12.73,20,58,89,false,skilful,zygote
357,hinder mahseer,16,5,37 per K,20.41,55,78,81,false,hinder,mahseer
358,superb cripplers,17,6,87 per y,16.73,87,51,19,false,superb,cripplers
359,lithoid sturdies,23,7,70 per f,49.51,9,39,70,true,lithoid,sturdies
360,prostyle barbels,19,4,05 per t,63.17,43,33,2,false,prostyle,barbels
361,fogless songster,5,6,99 per k,13.86,14,81,63,false,fogless,songster
362,chaffy puler,8,2,30 per n,43.8,85,39,31,true,chaffy,puler
363,addorsed meekness,29,4,11 per Y,22.2,20,84,10,true,addorsed,meekness
364,goateed smaltos,25,6,11 per d,21.6,31,98,97,true,goateed,smaltos
365,dogged farmyard,27,2,76 per W,42,82,67,4,false,dogged,farmyard
366,ctenoid mantraps,4,8,95 per Z,22.16,15,94,11,true,ctenoid,mantraps
367,clingy doorstep,14,1,94 per N,36.48,12,26,64,true,clingy,doorstep
368,bosky frilling,3,2,69 per V,54.88,5,34,67,false,bosky,frilling
369,rayless birdcage,19,10,67 per S,68.99,19,27,23,false,rayless,birdcage
370,unroped forehands,23,4,23 per A,24.54,17,79,42,false,unroped,forehands
371,unfelt swordcraft,16,10,72 per X,41.31,34,99,5,false,unfelt,swordcraft
372,treasured customs,5,1,44 per t,76.69,18,48,10,false,treasured,customs
373,earthward pottle,10,1,26 per I,22.26,7,64,14,false,earthward,pottle
374,dimming nightfalls,8,8,31 per Z,31.57,69,55,85,true,dimming,nightfalls
375,loathful mohairs,13,8,17 per n,27.78,37,42,74,false,loathful,mohairs
376,bouffant northland,23,10,77 per q,97.54,41,86,66,true,bouffant,northland
377,jerky vomers,18,2,20 per q,80.6,39,79,78,true,jerky,vomers
378,singsong blindfold,18,10,05 per X,7.19,81,95,66,false,singsong,blindfold
379,gnomic snorkels,9,2,39 per t,20,6,92,57,false,gnomic,snorkels
380,corrupt clearcoles,12,8,81 per N,5.47,83,95,40,false,corrupt,clearcoles
381,ocker bummers,29,9,53 per n,82.52,50,65,47,true,ocker,bummers
382,untinned shallop,4,10,19 per z,59.63,17,36,31,true,untinned,shallop
383,oozy pulsars,27,8,58 per M,12.52,73,19,1,false,oozy,pulsars
384,gemmy sponsion,12,2,49 per q,12.36,65,50,51,false,gemmy,sponsion
385,fissile wranglers,12,8,30 per A,1.08,28,85,81,true,fissile,wranglers
386,sluttish knacker,25,8,40 per H,20.9,56,63,4,false,sluttish,knacker
387,complete stirring,24,1,77 per g,76.56,80,41,10,false,complete,stirring
388,crudest gabs,19,9,18 per c,53.63,100,41,39,true,crudest,gabs
389,sainted penlight,21,4,71 per e,23.83,64,80,41,true,sainted,penlight
390,improved daring,6,6,26 per j,40.78,10,83,20,false,improved,daring
391,unbathed souchongs,22,6,49 per G,90.67,9,92,72,false,unbathed,souchongs
392,laggard querists,26,2,59 per i,8.93,42,5,44,true,laggard,querists
393,beveled cassis,30,4,52 per q,57.52,42,97,74,true,beveled,cassis
394,benthic tackers,28,5,04 per t,49.16,18,90,8,false,benthic,tackers
395,agape jackdaws,13,2,28 per K,26,56,61,33,false,agape,jackdaws
396,scheming midship,24,10,34 per k,81.29,72,39,39,false,scheming,midship
397,slimmest seizings,2,1,42 per y,27.35,71,52,9,false,slimmest,seizings
398,doggish knockwursts,17,3,28 per P,5.04,69,29,32,true,doggish,knockwursts
399,churlish muddies,11,5,65 per x,80.57,27,64,5,true,churlish,muddies
400,rowdy shashlik,15,4,08 per N,64.22,49,22,94,false,rowdy,shashlik
401,nival argil,23,8,20 per v,37.84,76,86,26,true,nival,argil
402,semi bombshells,15,5,62 per m,28.38,48,60,97,true,semi,bombshells
403,cuboid shellfish,7,6,84 per W,12.99,16,88,16,true,cuboid,shellfish
404,ungyved dauber,20,8,03 per h,27.81,38,94,72,false,ungyved,dauber
405,girlish khalifs,22,2,12 per L,39.82,81,34,87,false,girlish,khalifs
406,panniered hinters,24,2,03 per h,84.29,26,51,45,true,panniered,hinters
407,futile leaning,16,9,76 per R,58.7,51,38,55,true,futile,leaning
408,costal bonehead,17,5,08 per h,26.07,27,69,60,false,costal,bonehead
409,quinsied cripplers,18,3,72 per b,76.29,2,8,64,true,quinsied,cripplers
410,onward coder,2,1,56 per l,29.56,61,51,2,false,onward,coder
411,displeased caning,21,9,90 per U,63.72,26,47,58,false,displeased,caning
412,squeamish ria,28,2,84 per o,3.7,44,78,52,true,squeamish,ria
413,farfetched airlines,15,5,28 per p,93.73,2,65,2,false,farfetched,airlines
414,falser kopeck,17,3,34 per T,65.11,58,17,45,false,falser,kopeck
415,timely jingal,6,10,25 per m,57.02,3,15,12,false,timely,jingal
416,caddish wobblers,21,3,43 per w,15.03,100,62,43,false,caddish,wobblers
417,wiry pastis,6,4,18 per w,11.11,28,50,26,true,wiry,pastis
418,unsmoothed baffler,9,10,07 per T,23.62,27,86,61,false,unsmoothed,baffler
419,dreggy stitchings,17,4,33 per c,53.98,75,9,7,true,dreggy,stitchings
420,masking anil,1,7,95 per w,30.73,64,87,48,true,masking,anil
421,tandem seaports,3,9,47 per u,58.42,46,82,19,true,tandem,seaports
422,moonish yawpers,4,7,21 per g,68.33,58,57,8,false,moonish,yawpers
423,haemic subsoils,6,10,33 per G,46.11,73,61,45,true,haemic,subsoils
424,burly hansoms,2,2,25 per d,27.11,78,16,28,false,burly,hansoms
425,bogus married,14,5,95 per B,98.1,31,12,83,true,bogus,married
426,coreless malkin,29,6,79 per X,44.85,16,70,22,true,coreless,malkin
427,toylike yaffle,4,7,22 per T,55.75,42,40,82,true,toylike,yaffle
428,nodose stopings,25,6,77 per H,7.89,40,72,81,true,nodose,stopings
429,mesarch brinjal,27,3,17 per T,57,60,58,58,true,mesarch,brinjal
430,eastbound loadstones,5,8,34 per M,18.82,10,24,88,false,eastbound,loadstones
431,footsore tenures,30,7,31 per d,54.29,47,64,55,false,footsore,tenures
432,ruttish landgrave,26,7,93 per E,65.5,96,21,82,true,ruttish,landgrave
433,sulcate coonhounds,22,5,17 per h,25.79,80,71,73,true,sulcate,coonhounds
434,untame phyles,12,6,82 per B,90.6,92,31,43,true,untame,phyles
435,leisured cloture,16,7,54 per U,39.01,4,13,25,true,leisured,cloture
436,premier distaste,19,9,43 per R,45.64,39,7,26,false,premier,distaste
437,filthy bireme,27,7,26 per h,82.18,46,75,31,true,filthy,bireme
438,surly craver,26,3,20 per l,41.1,96,11,32,true,surly,craver
439,unfished caftans,26,9,41 per p,76.43,35,58,47,false,unfished,caftans
440,besprent dashboard,22,2,86 per M,43.08,36,97,29,true,besprent,dashboard
441,ceaseless broadcast,2,6,86 per x,2.11,69,26,10,true,ceaseless,broadcast
442,kookie doublet,3,10,26 per x,76.78,4,46,10,false,kookie,doublet
443,unmarked burweeds,21,7,06 per Y,18.52,6,96,34,false,unmarked,burweeds
444,knifeless template,12,7,78 per z,13.4,48,43,49,true,knifeless,template
445,sicklied plainness,6,2,23 per F,47.33,56,79,36,true,sicklied,plainness
446,stannous fragments,8,10,76 per b,4.42,61,24,71,true,stannous,fragments
447,mettled fibril,15,8,95 per s,7.1,25,92,10,false,mettled,fibril
448,inapt guiro,13,2,49 per O,13.12,75,80,24,true,inapt,guiro
449,accurst rethink,18,7,19 per a,95.91,91,4,66,false,accurst,rethink
450,battled alar,30,7,16 per h,7.59,94,3,43,true,battled,alar
451,sluicing wayside,4,10,66 per I,53.93,20,57,34,false,sluicing,wayside
452,whity pretzels,19,10,42 per c,80.43,9,34,99,false,whity,pretzels
453,hurried jereed,26,8,45 per c,22.87,44,13,25,false,hurried,jereed
454,frontier dreadnought,12,3,54 per z,83.83,58,75,95,true,frontier,dreadnought
455,snappish blockade,11,2,67 per x,61.16,14,60,73,false,snappish,blockade
456,longish peetweets,10,5,28 per Y,32.33,100,56,4,true,longish,peetweets
457,hurtling ovens,6,7,66 per v,49.95,37,86,18,false,hurtling,ovens
458,vibrant clingstones,14,2,16 per V,16.08,19,13,32,true,vibrant,clingstones
459,suchlike madam,15,7,95 per W,62.21,57,70,78,true,suchlike,madam
460,sigmate crista,1,6,51 per V,54.83,46,96,32,true,sigmate,crista
461,adept helmets,27,8,00 per w,53.27,60,14,35,true,adept,helmets
462,clotty broomrapes,18,5,15 per P,26.72,60,38,32,true,clotty,broomrapes
463,parlous stative,3,9,92 per m,3.51,96,46,46,false,parlous,stative
464,graveless racings,1,2,56 per p,31.13,60,100,65,true,graveless,racings
465,premed tores,11,7,85 per G,61.42,58,97,35,false,premed,tores
466,scanty laggens,12,1,32 per t,19.05,52,2,10,false,scanty,laggens
467,unlike amirs,1,4,99 per i,29.29,54,50,4,true,unlike,amirs
468,stealthy support,6,8,82 per S,29.63,93,12,62,false,stealthy,support
469,sunless stoas,7,4,00 per m,39.93,82,73,87,false,sunless,stoas
470,designed projects,28,3,16 per w,44.92,62,33,20,false,designed,projects
471,limbate shoran,29,4,73 per x,92.2,35,27,11,false,limbate,shoran
472,amber moonset,10,6,40 per g,59.37,69,34,62,false,amber,moonset
473,increased yodels,9,6,80 per v,39.47,88,22,96,false,increased,yodels
474,bovine pryings,9,8,57 per F,46.67,24,50,75,false,bovine,pryings
475,swordlike prober,23,1,51 per b,63.93,18,68,46,false,swordlike,prober
476,rugose burlap,5,10,99 per K,69.21,28,66,43,false,rugose,burlap
477,unblown chippie,8,10,37 per O,57.56,46,86,6,false,unblown,chippie
478,thudding chisels,1,10,31 per N,72.56,64,21,98,true,thudding,chisels
479,maungy rustler,10,7,98 per s,60.34,38,10,20,false,maungy,rustler
480,sparsest tinware,25,1,41 per l,78.6,16,18,96,true,sparsest,tinware
481,cloudy censure,13,5,28 per o,38.24,74,86,86,true,cloudy,censure
482,clankless computes,29,1,61 per L,70.16,66,25,59,false,clankless,computes
483,seaboard despatch,20,8,55 per u,76.55,31,80,43,true,seaboard,despatch
484,saucy vileness,10,9,28 per l,82.17,2,55,94,false,saucy,vileness
485,useful saurel,3,4,56 per J,82.03,38,66,87,true,useful,saurel
486,speedy mangroves,28,9,78 per e,83.4,96,89,62,true,speedy,mangroves
487,draughty emeus,20,9,85 per O,95.14,27,8,31,false,draughty,emeus
488,contrate voyage,3,3,73 per g,56.46,43,81,81,true,contrate,voyage
489,spurless rebbe,25,6,51 per s,23.82,19,32,16,true,spurless,rebbe
490,modish poddy,7,4,95 per B,34.4,41,5,70,true,modish,poddy
491,ethic sophism,14,1,81 per o,30.3,50,68,89,false,ethic,sophism
492,histie pantler,24,1,32 per V,36.23,45,25,49,true,histie,pantler
493,notchy scandal,19,9,98 per r,72.5,27,15,60,false,notchy,scandal
494,donnard seigneur,12,2,96 per D,67.41,9,66,80,true,donnard,seigneur
495,unplumed foxings,28,8,80 per q,45.8,8,49,18,false,unplumed,foxings
496,varus demobs,30,8,53 per z,34.7,15,74,31,false,varus,demobs
497,outcast sidles,2,1,93 per e,64.83,77,52,23,false,outcast,sidles
498,revealed bonehead,5,8,70 per g,23.52,77,9,90,true,revealed,bonehead
499,votive confab,26,1,86 per d,66.2,39,47,12,false,votive,confab
500,erose likins,5,3,84 per A,47.84,71,45,33,true,erose,likins
501,thetic venders,11,7,21 per X,29.24,78,20,35,false,thetic,venders
502,sodden paten,10,8,64 per E,58.37,42,97,9,false,sodden,paten
503,talking gulley,20,9,06 per V,60.86,22,92,92,false,talking,gulley
504,gripping spearwort,20,7,75 per z,63.8,85,97,13,true,gripping,spearwort
505,upstream mullahs,5,3,32 per S,78.11,15,59,50,false,upstream,mullahs
506,silvan haemangioma,16,6,59 per c,79.21,70,9,21,false,silvan,haemangioma
507,bosomed bugbanes,30,5,23 per X,90.96,91,58,23,false,bosomed,bugbanes
508,plucky sarcode,19,9,80 per O,80.99,46,18,74,true,plucky,sarcode
509,scampish duns,24,2,43 per v,58.21,97,93,65,true,scampish,duns
510,shabby schilling,11,1,90 per a,76.18,68,79,31,true,shabby,schilling
511,downstair raving,4,2,58 per j,71.55,14,84,9,false,downstair,raving
512,plaguy cutey,17,6,41 per C,53.92,34,14,45,false,plaguy,cutey
513,crowing barters,14,8,60 per l,50.13,48,52,79,false,crowing,barters
514,proven changers,24,7,26 per B,55.37,8,14,42,true,proven,changers
515,unboned zeniths,26,5,36 per x,71.52,12,37,73,false,unboned,zeniths
516,karmic redwoods,13,3,10 per l,64.51,55,72,45,true,karmic,redwoods
517,rimless bondman,26,8,71 per x,27.57,84,53,2,true,rimless,bondman
518,bouncy haters,15,8,45 per E,97.14,93,70,29,true,bouncy,haters
519,diverse meshed,2,4,88 per n,24.76,91,78,16,false,diverse,meshed
520,umbrose lambkin,7,4,57 per p,47.06,46,25,43,false,umbrose,lambkin
521,ungilt backveld,29,3,75 per D,91.92,71,35,20,true,ungilt,backveld
522,lamest ronin,8,7,00 per c,22.66,61,90,25,false,lamest,ronin
523,flawless girder,9,1,70 per W,67.51,31,100,47,false,flawless,girder
524,coldish tanists,28,4,07 per h,71.4,45,30,92,true,coldish,tanists
525,mirthless eyelids,6,4,08 per S,37.24,17,7,99,false,mirthless,eyelids
526,unsought shikar,25,8,12 per H,10.33,23,50,57,false,unsought,shikar
527,tricksome supplies,7,9,03 per v,51.46,84,69,29,true,tricksome,supplies
528,uncocked fresher,23,10,85 per Q,10.67,76,61,70,true,uncocked,fresher
529,deject cancroid,8,10,03 per G,89.94,66,63,99,true,deject,cancroid
530,seral pastas,16,4,60 per C,16.94,7,93,59,false,seral,pastas
531,dimply wellness,26,9,14 per U,76.6,81,98,66,false,dimply,wellness
532,rudish porgy,26,7,69 per s,24.41,73,84,87,true,rudish,porgy
533,skillful paternosters,17,9,99 per t,78.61,63,54,63,false,skillful,paternosters
534,seely banians,28,4,31 per j,54.86,85,94,87,true,seely,banians
535,unsized sliver,10,8,76 per N,25.66,78,68,1,false,unsized,sliver
536,downbeat cutback,12,8,27 per x,84.84,40,87,100,false,downbeat,cutback
537,unscorched sunburns,13,1,75 per u,34.57,55,3,17,true,unscorched,sunburns
538,leggy mongers,18,1,97 per h,98.86,27,36,16,true,leggy,mongers
539,pennoned fangle,6,6,46 per s,44.28,9,21,4,false,pennoned,fangle
540,valvar anlace,2,2,71 per z,21.01,14,30,20,false,valvar,anlace
541,coltish catarrh,10,7,84 per P,48.31,93,40,33,true,coltish,catarrh
542,volar jackpot,10,1,31 per e,29.03,60,36,66,true,volar,jackpot
543,pillared mugger,4,3,78 per v,6.94,66,1,89,true,pillared,mugger
544,spurless forbears,30,9,74 per g,57.8,50,48,33,true,spurless,forbears
545,liney kickshaw,23,4,46 per m,1.61,17,34,29,false,liney,kickshaw
546,defined stampede,25,10,05 per c,87.69,62,2,50,true,defined,stampede
547,southpaw deltoid,3,6,23 per l,9.32,6,30,61,false,southpaw,deltoid
548,tumbling geoid,12,6,87 per B,95.36,59,96,100,false,tumbling,geoid
549,agreed madman,13,9,31 per c,1.15,91,1,15,false,agreed,madman
550,pious tranter,9,1,65 per b,29.04,71,54,11,false,pious,tranter
551,parotid mainsails,19,6,51 per i,32.81,14,98,42,true,parotid,mainsails
552,soothing pointel,27,4,44 per k,75.33,26,17,44,true,soothing,pointel
553,gyrose bathrooms,23,6,60 per U,74.06,5,99,50,true,gyrose,bathrooms
554,impure being,30,10,45 per E,69.01,10,38,56,false,impure,being
555,minion thruster,8,4,75 per r,99.44,57,11,40,false,minion,thruster
556,garni crochet,16,1,77 per O,8.16,64,11,58,false,garni,crochet
557,cranky kasha,9,5,13 per P,73.97,89,2,19,true,cranky,kasha
558,hawkish capsid,23,10,16 per O,87.83,45,23,11,true,hawkish,capsid
559,unfunded roomette,28,9,59 per N,91.03,13,89,100,true,unfunded,roomette
560,cheerly culverts,4,3,84 per n,51.12,85,24,43,false,cheerly,culverts
561,mottled supes,11,5,79 per u,56.24,8,51,21,true,mottled,supes
562,pongid bluebirds,27,7,69 per c,16.65,24,95,87,false,pongid,bluebirds
563,dwarfish chequers,10,3,58 per c,38.45,84,27,31,false,dwarfish,chequers
564,aftmost krumhorn,13,9,08 per W,50.65,40,2,17,true,aftmost,krumhorn
565,scanty hatchways,2,2,90 per v,92.9,30,43,87,true,scanty,hatchways
566,bardy nightwear,16,5,92 per y,49.82,78,86,25,true,bardy,nightwear
567,sigmate thornback,4,2,66 per K,97.53,5,83,1,true,sigmate,thornback
568,breathy release,3,4,81 per f,80.8,10,64,5,false,breathy,release
569,commie diploid,3,8,14 per e,4.94,27,5,18,true,commie,diploid
570,tactless sourdines,3,2,83 per q,80.43,86,24,67,false,tactless,sourdines
571,doleful granter,7,5,28 per z,22.86,53,92,66,false,doleful,granter
572,rampant downstairs,8,1,93 per J,76.93,25,12,75,true,rampant,downstairs
573,pompous backstop,11,1,63 per R,86.25,46,23,27,false,pompous,backstop
574,wavelike baboons,6,9,55 per H,46.54,72,15,6,false,wavelike,baboons
575,aidful headspring,19,1,61 per l,52.17,60,29,62,false,aidful,headspring
576,beaded soddy,18,9,04 per a,50.05,9,61,93,true,beaded,soddy
577,hobnailed winner,24,10,18 per U,49.12,16,52,93,false,hobnailed,winner
578,stubby douceur,29,2,65 per J,65.48,31,44,6,false,stubby,douceur
579,stirring clergies,26,6,38 per l,2.83,86,48,18,false,stirring,clergies
580,fistic combos,18,8,38 per Y,50.49,69,73,50,false,fistic,combos
581,dovish carats,20,3,76 per y,74.91,34,54,75,true,dovish,carats
582,unlet dorsum,17,1,12 per h,30.73,1,74,23,false,unlet,dorsum
583,scary bookshelf,3,5,61 per R,51.88,21,63,9,true,scary,bookshelf
584,lathlike juggle,3,5,85 per Q,65.66,8,16,52,true,lathlike,juggle
585,cranky lentoid,26,3,75 per P,2.88,14,46,77,true,cranky,lentoid
586,forfeit bather,10,3,76 per Z,15.65,74,19,20,false,forfeit,bather
587,asphalt piecer,4,8,21 per w,28.81,86,55,72,true,asphalt,piecer
588,fructed shellbacks,26,9,94 per K,8.94,81,44,4,false,fructed,shellbacks
589,fucoid sheepwalk,29,4,69 per e,87.95,1,86,29,true,fucoid,sheepwalk
590,chipper gathers,29,5,42 per I,5.85,8,9,77,true,chipper,gathers
591,messy pratique,9,2,35 per G,30.96,57,2,84,true,messy,pratique
592,faithful ladies,2,2,84 per t,79.42,56,58,50,false,faithful,ladies
593,backstairs cuties,13,2,69 per A,50.56,41,41,25,true,backstairs,cuties
594,turbid ceres,29,8,29 per Q,70.07,13,12,91,true,turbid,ceres
595,flukey airbursts,24,1,99 per q,96.32,60,85,47,true,flukey,airbursts
596,enhanced reproach,18,10,55 per B,32.48,28,53,21,false,enhanced,reproach
597,toothy bizone,7,2,29 per n,21.57,29,17,97,false,toothy,bizone
598,unwept sceptres,2,5,84 per C,36.28,76,37,67,false,unwept,sceptres
599,immersed pander,3,3,58 per L,57.17,20,31,63,true,immersed,pander
600,undamped gorgons,25,1,74 per u,76.98,43,53,27,true,undamped,gorgons
601,quirky drawers,1,10,29 per v,58.86,41,28,67,true,quirky,drawers
602,goodish doublers,28,10,68 per N,45.74,66,77,78,true,goodish,doublers
603,oblong swallets,13,5,78 per k,76.86,14,58,33,true,oblong,swallets
604,thorny shindies,14,4,98 per H,40.03,79,11,85,true,thorny,shindies
605,driftless mambos,9,3,50 per K,94.87,92,21,84,false,driftless,mambos
606,sombre stencil,10,1,41 per L,26.21,25,19,53,true,sombre,stencil
607,goddamned fighters,8,4,07 per I,47.13,38,93,37,true,goddamned,fighters
608,fibered primate,27,10,98 per P,55.87,79,66,37,false,fibered,primate
609,horsy closers,5,5,17 per Z,46.73,95,39,70,true,horsy,closers
610,jadish purpures,11,7,64 per c,65.27,52,52,47,true,jadish,purpures
611,bulbous gaskin,26,1,51 per R,37.76,88,17,60,false,bulbous,gaskin
612,feeblish protest,28,3,97 per O,50.03,79,28,84,false,feeblish,protest
613,sighted conduits,13,2,34 per z,10,2,35,53,true,sighted,conduits
614,sickly scanty,5,6,69 per l,35.65,83,31,40,false,sickly,scanty
615,classy upsprings,3,10,39 per f,44.77,49,78,91,true,classy,upsprings
616,daimen tsardom,20,7,49 per H,68.69,15,11,60,true,daimen,tsardom
617,towy ratings,14,2,25 per R,75.05,47,38,100,false,towy,ratings
618,sniffy testee,12,4,32 per G,87.04,89,30,13,false,sniffy,testee
619,mucoid languette,5,2,00 per Y,82.21,18,73,35,true,mucoid,languette
620,gruffish cartouches,6,7,03 per E,23.16,24,69,38,false,gruffish,cartouches
621,bombproof bronzings,2,2,34 per r,49.68,88,99,44,false,bombproof,bronzings
622,unhanged rabbles,22,9,53 per G,47.83,88,18,85,true,unhanged,rabbles
623,trochoid grovet,17,1,27 per a,25.33,47,85,36,false,trochoid,grovet
624,practised wainscots,29,5,48 per M,27.05,78,1,5,false,practised,wainscots
625,joyful pulka,8,10,34 per X,55.86,53,94,97,true,joyful,pulka
626,lipoid allheal,1,8,73 per v,74.68,30,31,20,true,lipoid,allheal
627,petalled scutter,27,2,48 per A,89.38,12,49,88,false,petalled,scutter
628,adjunct grousers,5,7,43 per b,10.22,83,5,21,false,adjunct,grousers
629,stylar cruiseway,17,7,50 per J,28.12,78,88,85,false,stylar,cruiseway
630,ingrate background,25,9,54 per w,87.59,100,44,73,true,ingrate,background
631,hateful ashlar,12,9,14 per g,40.75,94,92,8,true,hateful,ashlar
632,ramstam hider,7,4,95 per t,61.92,37,15,35,true,ramstam,hider
633,allowed woolen,6,5,21 per s,27.36,60,33,33,true,allowed,woolen
634,nary gosling,7,8,23 per E,76.36,8,50,22,true,nary,gosling
635,faunal fraggings,26,2,94 per j,8.3,20,8,53,false,faunal,fraggings
636,caring muncher,27,4,52 per L,85.63,4,40,7,false,caring,muncher
637,roundish downhills,23,8,90 per R,74.04,59,24,66,false,roundish,downhills
638,pucka dorser,1,4,24 per D,69.7,29,52,23,true,pucka,dorser
639,nymphal looby,12,3,39 per J,73.1,62,23,39,true,nymphal,looby
640,guideless rippler,29,3,10 per o,53.64,29,78,57,true,guideless,rippler
641,inspired wastelot,13,8,26 per O,85.87,88,11,29,true,inspired,wastelot
642,humdrum kazoos,30,2,32 per t,7.11,5,78,19,true,humdrum,kazoos
643,caboched seizure,3,4,25 per S,59.87,20,25,77,true,caboched,seizure
644,lotic kiangs,16,6,00 per h,21.64,17,71,59,true,lotic,kiangs
645,countless knaidel,24,1,40 per t,68.27,55,1,3,true,countless,knaidel
646,lordless remnant,17,1,50 per L,15.79,25,91,84,false,lordless,remnant
647,ungraced earners,1,10,56 per A,26.95,94,99,4,true,ungraced,earners
648,prowessed reptiles,18,5,55 per Y,95.79,37,69,95,true,prowessed,reptiles
649,goosy puler,7,10,70 per U,97.89,12,24,51,true,goosy,puler
650,boughten dealers,30,2,68 per H,94.33,30,40,56,true,boughten,dealers
651,fetching dados,20,10,91 per d,44.04,75,2,33,false,fetching,dados
652,contrived fetas,4,9,00 per U,55.3,57,78,90,false,contrived,fetas
653,peevish synod,28,1,74 per s,90.29,10,86,24,true,peevish,synod
654,flaxen landfalls,17,1,54 per q,73.36,42,23,99,false,flaxen,landfalls
655,toothy warehouse,14,1,16 per m,54.16,93,62,4,true,toothy,warehouse
656,undreamed facture,30,1,89 per A,68.39,55,70,11,false,undreamed,facture
657,themeless mainspring,25,5,73 per E,71.76,2,50,2,false,themeless,mainspring
658,thinking wagtail,25,7,84 per B,47.83,28,1,73,true,thinking,wagtail
659,profound crumpets,16,1,87 per y,69.47,27,40,100,false,profound,crumpets
660,eightfold tinges,3,3,06 per V,89.51,51,89,43,false,eightfold,tinges
661,grapy catchwords,3,8,32 per j,47.81,22,46,62,false,grapy,catchwords
662,risen torses,3,3,32 per w,80,75,30,15,true,risen,torses
663,unhewn tourism,10,10,96 per c,93,39,32,14,true,unhewn,tourism
664,unshared kerchief,2,10,15 per f,8.33,5,13,43,true,unshared,kerchief
665,pewter pewter,12,5,25 per P,83.36,42,87,93,false,pewter,pewter
666,craggy fireboats,13,1,95 per H,29.6,73,4,53,false,craggy,fireboats
667,stripy caret,3,8,94 per n,56.29,92,31,26,false,stripy,caret
668,taming endive,23,5,00 per j,9.57,41,29,63,false,taming,endive
669,tuneless canon,23,10,17 per X,92.04,51,18,47,true,tuneless,canon
670,unhung tetrodes,10,5,24 per F,2.69,67,62,56,false,unhung,tetrodes
671,unfooled bigots,14,2,97 per J,10.29,23,75,71,true,unfooled,bigots
672,cooking locksmith,2,4,25 per E,43.37,39,17,83,false,cooking,locksmith
673,chaffy cretin,27,10,63 per K,46.87,24,66,10,true,chaffy,cretin
674,bunchy kulaks,18,5,55 per O,92,96,51,86,false,bunchy,kulaks
675,meaty turbans,29,5,98 per R,51.61,62,6,43,false,meaty,turbans
676,transient dunghills,18,1,36 per k,62.8,80,99,69,false,transient,dunghills
677,squamate keeshond,20,1,24 per R,82.18,75,70,97,false,squamate,keeshond
678,clawless perron,23,4,70 per g,6.47,5,24,95,false,clawless,perron
679,mistyped kingcups,9,6,39 per u,99.74,61,100,2,false,mistyped,kingcups
680,splanchnic fizzles,29,5,69 per C,64.2,9,18,96,true,splanchnic,fizzles
681,systemless sulfone,28,4,19 per a,81.34,82,40,8,false,systemless,sulfone
682,gyrate jato,14,7,53 per L,70.44,26,95,28,false,gyrate,jato
683,haughty natters,21,9,35 per n,38.52,47,100,65,false,haughty,natters
684,comely planter,4,4,74 per E,70.03,54,13,5,false,comely,planter
685,diploid transplants,30,6,96 per M,99.58,11,18,29,true,diploid,transplants
686,galore arracks,4,7,03 per G,96.42,6,71,77,true,galore,arracks
687,zinky coursers,25,4,81 per a,84.77,74,88,63,true,zinky,coursers
688,tripping emblems,22,7,35 per a,33.52,94,49,74,true,tripping,emblems
689,yonder lottos,3,10,90 per w,4.31,9,58,86,false,yonder,lottos
690,sandy mullions,30,2,59 per J,79.91,82,81,9,true,sandy,mullions
691,branny keystone,27,6,68 per S,27.32,94,49,96,true,branny,keystone
692,unlearnt cottas,3,7,90 per x,99.57,30,64,65,true,unlearnt,cottas
693,swinish bowsprits,27,6,80 per O,38.06,67,1,84,false,swinish,bowsprits
694,foresaid bandstand,13,9,28 per t,70.12,51,42,80,true,foresaid,bandstand
695,monied duomos,1,6,28 per v,11.89,17,4,28,false,monied,duomos
696,dotted plushness,16,2,41 per j,65.68,52,16,91,false,dotted,plushness
697,thirteen cheetahs,5,8,09 per i,17.29,18,95,67,false,thirteen,cheetahs
698,bifid touchers,21,2,97 per U,22.63,45,90,73,true,bifid,touchers
699,giving gingko,29,9,65 per l,34.11,11,39,1,true,giving,gingko
700,rayless scrubber,27,2,36 per F,4.41,67,81,56,false,rayless,scrubber
701,stotious bretons,12,6,58 per p,23.88,52,30,2,true,stotious,bretons
702,busied wriggler,14,8,47 per z,18.06,30,55,39,true,busied,wriggler
703,cuspate misplay,27,8,31 per f,90.69,73,63,49,true,cuspate,misplay
704,unmet tethers,25,8,29 per O,74.66,11,17,69,false,unmet,tethers
705,scabby bloaters,27,3,99 per O,77.96,92,74,83,true,scabby,bloaters
706,headmost admass,25,2,67 per F,70.96,74,72,17,true,headmost,admass
707,acorned capsule,3,6,43 per z,75.14,55,96,87,false,acorned,capsule
708,arranged roadwork,1,5,78 per a,11.33,15,54,12,true,arranged,roadwork
709,uptown kukris,16,6,57 per T,25.75,40,15,52,false,uptown,kukris
710,sceptral fantom,29,1,27 per g,53.56,18,26,97,false,sceptral,fantom
711,inwrought looby,28,1,44 per x,32.98,89,71,92,false,inwrought,looby
712,babbling stancher,28,9,97 per u,68.7,1,52,86,true,babbling,stancher
713,birdlike counting,22,3,62 per Q,73.95,56,74,97,true,birdlike,counting
714,parklike whitings,5,4,77 per r,63.31,100,4,63,false,parklike,whitings
715,sphery gallop,23,10,58 per J,1.69,38,56,82,true,sphery,gallop
716,shapely eyelet,20,10,40 per O,92.17,2,83,61,false,shapely,eyelet
717,gritty chances,3,2,86 per V,8.08,85,66,27,true,gritty,chances
718,sanded mueslis,17,5,51 per z,73.54,83,88,87,true,sanded,mueslis
719,after lapping,1,1,20 per W,55.94,71,49,86,true,after,lapping
720,ravaged zigzag,11,1,60 per F,7.25,59,3,95,false,ravaged,zigzag
721,choicer dastard,29,5,94 per Q,76.09,57,85,48,true,choicer,dastard
722,fruited kalongs,24,2,83 per w,74.93,55,22,67,false,fruited,kalongs
723,cloggy piffles,25,4,89 per B,13.64,67,6,20,true,cloggy,piffles
724,gular chewie,14,4,78 per f,77.92,84,77,8,true,gular,chewie
725,friendless diggings,9,7,89 per O,32.46,29,41,6,false,friendless,diggings
726,twelvefold stablings,12,4,98 per H,73.83,81,6,49,true,twelvefold,stablings
727,jiggish quilters,9,6,83 per y,58.29,93,55,70,false,jiggish,quilters
728,fleeceless starboards,11,10,96 per Q,37.3,57,55,30,false,fleeceless,starboards
729,burghal dredger,5,8,83 per h,81.44,78,85,51,false,burghal,dredger
730,abused shindigs,18,10,86 per K,32.2,51,18,6,true,abused,shindigs
731,stolid dumas,28,7,39 per M,14.95,42,44,97,true,stolid,dumas
732,wrapround belches,27,2,71 per n,1.6,67,67,41,true,wrapround,belches
733,healing savant,9,4,09 per U,97.88,69,9,66,true,healing,savant
734,ruling metres,6,4,91 per C,55.75,18,39,24,true,ruling,metres
735,jural rondos,20,1,64 per U,78.4,71,1,51,false,jural,rondos
736,aery monist,13,10,93 per I,25.86,34,23,36,true,aery,monist
737,blameless roaster,19,8,81 per x,54.12,89,35,72,true,blameless,roaster
738,bearlike colloid,24,10,88 per A,69.72,51,90,5,false,bearlike,colloid
739,riblike cement,17,7,27 per X,35.52,67,20,17,false,riblike,cement
740,condign pewees,21,5,15 per B,61.72,35,51,6,true,condign,pewees
741,sunrise pitsaw,27,6,84 per n,77.42,37,27,98,true,sunrise,pitsaw
742,bedded challenge,19,1,27 per N,4.8,87,45,52,false,bedded,challenge
743,xerarch lighting,13,10,11 per K,33.49,99,8,65,false,xerarch,lighting
744,seemly bluey,2,4,01 per s,52.84,71,49,19,true,seemly,bluey
745,plosive topman,27,4,91 per v,55.95,74,2,57,true,plosive,topman
746,screeching sixain,5,7,26 per H,2.49,41,4,34,true,screeching,sixain
747,classy splashers,21,3,43 per V,55.45,26,29,69,false,classy,splashers
748,gaga trucklers,6,9,64 per W,20.1,2,65,61,true,gaga,trucklers
749,careful chroma,7,1,80 per V,4.46,61,71,77,false,careful,chroma
750,pencilled whittling,19,5,45 per H,8.22,50,68,34,true,pencilled,whittling
751,largish airlines,6,2,84 per L,3.78,18,11,2,true,largish,airlines
752,flawless purims,28,4,19 per S,56.61,47,40,72,true,flawless,purims
753,sarcoid hachure,28,4,09 per v,47.38,67,62,61,true,sarcoid,hachure
754,shaping pochard,4,3,90 per i,88.68,66,69,17,true,shaping,pochard
755,ungrassed danglers,28,4,82 per r,16.88,68,68,43,false,ungrassed,danglers
756,causeless lessees,24,10,57 per C,13.64,5,78,17,false,causeless,lessees
757,graceful yentas,28,10,51 per X,66.46,26,81,50,true,graceful,yentas
758,kindly buntlines,17,8,90 per g,63.46,27,7,34,false,kindly,buntlines
759,doting lockage,25,8,83 per i,38.98,55,75,10,true,doting,lockage
760,chthonic blackcock,18,5,15 per H,68.88,57,26,30,false,chthonic,blackcock
761,sunset sadist,2,3,96 per r,94.85,90,23,55,false,sunset,sadist
762,tother rental,15,8,23 per q,12.72,71,78,74,false,tother,rental
763,thirstless drifters,25,9,18 per I,55.22,17,95,57,true,thirstless,drifters
764,towy dirndls,26,10,05 per I,89.35,68,37,37,true,towy,dirndls
765,confined wiggles,16,9,60 per d,22.4,6,85,52,false,confined,wiggles
766,compact checkmates,15,3,21 per a,42.89,1,24,61,false,compact,checkmates
767,acock discord,21,5,03 per J,13.98,63,48,23,false,acock,discord
768,ungauged tetras,7,5,52 per p,37.34,21,91,28,false,ungauged,tetras
769,probing uphill,1,2,62 per Q,90.47,34,43,41,false,probing,uphill
770,squashy baseman,15,1,11 per a,1.57,44,1,67,false,squashy,baseman
